id,kullanıcıAdı,şifre,email,isim,soyisim,kullanıcıTel,kurumAdı,kurumAdresi,kurumTel,rol,yetki,veri,sonuç,göndermeTarihi,sonuçTarihi
0,JALEŞ148,uJxOdrmU,jale90@gmail.com,JALE,ŞEN,5122807889,Radyo Televizyon Üst Kurulu,13 East Vine Ave.Mc Lean VA 22101,7449747,,1,,,2019-03-17 11:36:12,
1,ALİKA34,IkThKjyQ,ali̇85@hotmail.com,ALİ,KANDEMİR,5430601341,Bilgi Teknolojileri ve İletişim Kurumu,8382 Maple Dr.Newnan GA 30263,2065082,,1,,,2020-02-02 20:35:00,
2,MAHMUÇ11,eTwOctrz,mahmut67@outlook.com,MAHMUT,ÇEVİK,5204140327,Savunma Sanayi Müsteşarlığı,1 North Old York StreetHopkins MN 55343,6719183,,0,,,2019-08-27 14:29:24,
3,MANSE26,JvpsVpkX,mansur_kürşad64@hotmail.com,MANSUR KÜRŞAD,ERKURAN,5307490504,Kültür ve Turizm Bakanlığı,586 Fremont LaneMadison AL 35758,8003695,,0,,,2019-07-26 01:04:34,
4,GAMZTÜ11,fuMrnGOp,gamze78@hotmail.com,GAMZE,TÜTEN,5348565416,TÜBİTAK,48 Washington StreetBrownsburg IN 46112,7343136,,0,,,2019-07-21 14:36:58,
5,MİRAÖZTÜR112,dJCMczaX,mi̇raç74@hotmail.com,MİRAÇ,ÖZTÜRK,5050644055,Türkiye Cumhuriyeti Cumhurbaşkanlığı,8199 Fulton St.Deerfield IL 60015,8532038,,0,,,2019-05-23 00:41:27,
6,YÜCYÜZB51,nTzWfihL,yücel69@outlook.com,YÜCEL,YÜZBAŞIOĞLU,5235555940,Radyo Televizyon Üst Kurulu,13 East Vine Ave.Mc Lean VA 22101,7449747,,0,,,2019-04-02 19:57:30,
7,KUBİLAVU122,lqfuWXNB,kubi̇lay63@outlook.com,KUBİLAY,VURAL,5333125682,TÜBİTAK,48 Washington StreetBrownsburg IN 46112,7343136,,0,,,2019-12-17 01:41:22,
8,HAYYÜC20,rhaRdPfl,hayati̇79@hotmail.com,HAYATİ,YÜCEL,5426841004,Türkiye Büyük Millet Meclisi,7726 Pearl StreetWadsworth OH 44281,7152790,,0,,,2020-01-24 20:10:41,
9,BEDSÖNM84,OeLtPLlz,bedri̇ye_müge65@outlook.com,BEDRİYE MÜGE,SÖNMEZ,5223167652,Ulaştırma Bakanlığı,103 E. Elmwood Ave.Stockbridge GA 30281,6302222,,0,,,2020-04-01 09:44:27,
10,BİRSENERTE60,lnvlMGjm,bi̇rsen85@hotmail.com,BİRSEN,ERTEKİN,5245368685,Radyo Televizyon Üst Kurulu,13 East Vine Ave.Mc Lean VA 22101,7449747,,0,,,2019-05-21 00:56:23,
11,SERDDED37,neAywyWj,serdal95@gmail.com,SERDAL,DEDE,5452587247,Yargıtay,9013 Manor Station St.Bensalem PA 19020,2906189,,0,,,2019-11-15 17:18:46,
12,BÜNYAUYANIK102,UXZydQYj,bünyami̇n65@outlook.com,BÜNYAMİN,UYANIK,5568436838,Savunma Sanayi Müsteşarlığı,1 North Old York StreetHopkins MN 55343,6719183,,0,,,2020-01-31 03:44:14,
13,ÖZGÜ148,oKdxPeoi,özgür73@outlook.com,ÖZGÜR,ASLAN,5540586075,Orman ve Su İşleri Bakanlığı,196 10th DriveIndependence KY 41051,7087376,,0,,,2019-07-05 11:03:52,
14,FERDİA125,JlNjPXVR,ferdi̇92@outlook.com,FERDİ,AKBULUT,5521470023,Savunma Sanayi Müsteşarlığı,1 North Old York StreetHopkins MN 55343,6719183,,0,,,2020-03-25 05:39:24,
15,REYHAORH48,dexxYAlG,reyhan81@outlook.com,REYHAN,ORHON,5173558013,"Bilim, Sanayi ve Teknoloji Bakanlığı",9853 Mulberry DriveGoshen IN 46526,7888186,,0,,,2019-09-11 20:30:55,
16,İLHAUZ147,ermoocYX,i̇lhan63@gmail.com,İLHAN,UZ,5199446227,Bankacılık Düzenleme ve Denetleme Kurumu,694 Ketch Harbour Ave.Milwaukee WI 53204,5687388,,0,,,2019-01-24 12:35:00,
17,GÜLŞAHYAV118,zMsEwjoI,gülşah67@outlook.com,GÜLŞAH,YAVUZ,5577127489,Kültür ve Turizm Bakanlığı,586 Fremont LaneMadison AL 35758,8003695,,0,,,2019-07-15 13:20:15,
18,NALERDEM41,wNvYHdkq,nalan81@outlook.com,NALAN,ERDEM,5155904231,Hazine Müsteşarlığı,9613 53rd CourtConway SC 29526,5157047,,0,,,2020-03-31 06:54:27,
19,SEMİKUL127,pCfoHTKh,semi̇h77@outlook.com,SEMİH,KULAÇ,5378034065,"Bilim, Sanayi ve Teknoloji Bakanlığı",9853 Mulberry DriveGoshen IN 46526,7888186,,0,,,2019-02-16 17:08:39,
20,ERGKAY94,uavhWmtu,ergün62@hotmail.com,ERGÜN,KAYA,5330643711,Özelleştirme İdaresi Başkanlığı,7304 Devon St.Marysville OH 43040,1823229,,0,,,2019-09-22 00:21:47,
21,FATSELVİ12,fumbdZfD,fati̇h80@outlook.com,FATİH,SELVİ,5471979271,Sağlık Bakanlığı,87 San Juan St.Pottstown PA 19464,7815152,,0,,,2019-10-17 02:34:20,
22,ŞENAYAKPIN116,yccWrAGc,şenay90@hotmail.com,ŞENAY,AKPINAR,5446677337,Orman ve Su İşleri Bakanlığı,196 10th DriveIndependence KY 41051,7087376,,0,,,2019-07-29 09:57:31,
23,SERKAB47,UfrxKfsB,serkan82@outlook.com,SERKAN,ABACIOĞLU,5347133214,Bankacılık Düzenleme ve Denetleme Kurumu,694 Ketch Harbour Ave.Milwaukee WI 53204,5687388,,0,,,2019-04-13 00:05:30,
24,EMREÇAY143,BFrkKmJD,emre74@gmail.com,EMRE,ÇAY,5495164323,Savunma Sanayi Müsteşarlığı,1 North Old York StreetHopkins MN 55343,6719183,,0,,,2019-09-07 18:45:43,
25,BAHATTİI64,sJxIuoTy,bahatti̇n96@hotmail.com,BAHATTİN,IŞIK,5002529160,Milli Eğitim Bakanlığı,7776 Morris LaneMenasha WI 54952,2486144,,0,,,2019-12-07 13:35:47,
26,IRAZCÖ33,SdsgiERk,irazca62@gmail.com,IRAZCA,ÖZER,5437131889,Kültür ve Turizm Bakanlığı,586 Fremont LaneMadison AL 35758,8003695,,0,,,2019-08-20 17:02:57,
27,HATİÖZDEMİ33,hsssNghA,hati̇ce60@outlook.com,HATİCE,ÖZDEMİR,5381004586,İçişleri Bakanlığı,385 Military St.Adrian MI 49221,7040199,,0,,,2019-02-20 02:47:27,
28,BARIÖZT92,bFrUEVJB,bariş65@hotmail.com,BARIŞ,ÖZTÜRK,5449154466,Radyo Televizyon Üst Kurulu,13 East Vine Ave.Mc Lean VA 22101,7449747,,0,,,2019-11-05 10:17:02,
29,REZTAHT128,FoCEhSun,rezan77@hotmail.com,REZAN,TAHTACI,5062953224,Hazine Müsteşarlığı,9613 53rd CourtConway SC 29526,5157047,,0,,,2019-04-07 05:12:07,
30,FATİBÜYÜKCA16,KPjZeuKc,fati̇h87@hotmail.com,FATİH,BÜYÜKCAM,5470107434,Özelleştirme İdaresi Başkanlığı,7304 Devon St.Marysville OH 43040,1823229,,0,,,2019-06-01 23:57:34,
31,FUAKULAKSI42,mDLtXnyC,fuat64@gmail.com,FUAT,KULAKSIZ,5273970830,Kültür ve Turizm Bakanlığı,586 Fremont LaneMadison AL 35758,8003695,,0,,,2019-02-03 05:44:10,
32,GÖKHANAK108,sAYagWiN,gökhan80@hotmail.com,GÖKHAN,AKSEL,5134730902,Ulaştırma Bakanlığı,103 E. Elmwood Ave.Stockbridge GA 30281,6302222,,0,,,2019-09-21 07:59:33,
33,ORH64,cbpKnzWp,orhan74@outlook.com,ORHAN,EROĞLU,5491407382,Adalet Bakanlığı,7314 East Beacon St.New City NY 10956,9625554,,0,,,2019-08-29 06:21:01,
34,MEHKARAK8,hdkXKPWJ,mehmet68@hotmail.com,MEHMET,KARAKUM,5403993268,Kültür ve Turizm Bakanlığı,586 Fremont LaneMadison AL 35758,8003695,,0,,,2020-02-12 07:52:50,
35,EVREDAL29,ttlQyJdG,evren66@outlook.com,EVREN,DAL,5589494248,Ulaştırma Bakanlığı,103 E. Elmwood Ave.Stockbridge GA 30281,6302222,,0,,,2019-05-24 11:29:25,
36,OKTAYÖC129,cyYpstNW,oktay79@hotmail.com,OKTAY,ÖCAL,5132915950,Merkezi Finans ve İhale Birimi,7087 Blackburn StreetNottingham MD 21236,9089744,,0,,,2019-12-03 19:59:32,
37,HARU35,gjjOYoXr,harun71@hotmail.com,HARUN,AYHAN,5420281075,İnsan Hakları Başkanlığı,864 Cypress Dr.Stratford CT 06614,5089917,,0,,,2019-10-25 11:24:20,
38,YAV37,SDkVAXSp,yavuz96@gmail.com,YAVUZ,YİĞİT,5437336073,Bankacılık Düzenleme ve Denetleme Kurumu,694 Ketch Harbour Ave.Milwaukee WI 53204,5687388,,0,,,2020-01-24 22:13:51,
39,PINAYARBİL86,AIXilLdu,pinar65@gmail.com,PINAR,YARBİL,5407716114,Şeker Kurumu,7863 Homewood Rd.Naugatuck CT 06770,6541562,,0,,,2019-06-01 10:41:19,
40,MEHMCA50,iLovblPt,mehmet93@gmail.com,MEHMET,CANACANKATAN,5479997381,Sağlık Bakanlığı,87 San Juan St.Pottstown PA 19464,7815152,,0,,,2019-02-05 00:03:24,
41,UMUGÜMÜŞAY137,megqaumI,umut89@gmail.com,UMUT,GÜMÜŞAY,5014286105,Türkiye Büyük Millet Meclisi,7726 Pearl StreetWadsworth OH 44281,7152790,,0,,,2020-01-31 17:34:12,
42,MESUDEMU41,BllcEiQb,mesude75@gmail.com,MESUDE,MURT,5130044557,Bilgi Teknolojileri ve İletişim Kurumu,8382 Maple Dr.Newnan GA 30263,2065082,,0,,,2020-02-06 14:02:37,
43,HÜSEYİHALHAL69,YhmYrNli,hüseyi̇n_cahi̇t89@gmail.com,HÜSEYİN CAHİT,HALHALLI,5221067111,Dışişleri Bakanlığı,391 Pendergast RoadFond Du Lac WI 54935,8515797,,0,,,2019-12-16 21:44:12,
44,HAŞİMUL6,RHsOZrnP,haşi̇m_onur90@outlook.com,HAŞİM ONUR,ULUÖZ,5517128209,TAPDK,8676 Fairfield LaneIrmo SC 29063,4684854,,0,,,2019-04-27 20:18:24,
45,EYYŞEYHANL133,cipQYUXl,eyyup_sabri̇98@gmail.com,EYYUP SABRİ,ŞEYHANLI,5233247239,Merkezi Finans ve İhale Birimi,7087 Blackburn StreetNottingham MD 21236,9089744,,0,,,2019-04-21 01:27:15,
46,MUSTAÇAL147,BKIuyuNx,mustafa88@gmail.com,MUSTAFA,ÇALIŞKANTÜRK,5204792729,Türkiye Büyük Millet Meclisi,7726 Pearl StreetWadsworth OH 44281,7152790,,0,,,2019-08-31 13:01:04,
47,MUST72,SLuPDYXc,mustafa66@outlook.com,MUSTAFA,YILMAZ,5371241996,TAPDK,8676 Fairfield LaneIrmo SC 29063,4684854,,0,,,2019-12-17 10:13:45,
48,UFUSARAÇO51,pOoRZaFf,ufuk81@hotmail.com,UFUK,SARAÇOĞLU,5110273568,TAPDK,8676 Fairfield LaneIrmo SC 29063,4684854,,0,,,2020-02-23 05:55:23,
49,AHMESEZER35,mKDqtcQn,ahmet_ali̇67@gmail.com,AHMET ALİ,SEZER,5235296682,Sayıştay,34 Oklahoma StreetMissoula MT 59801,9285721,,0,,,2019-11-07 09:07:58,
50,MEDİHADOĞ30,lOKnyWzL,medi̇ha91@outlook.com,MEDİHA,DOĞAN,5029667137,Ulaştırma Bakanlığı,103 E. Elmwood Ave.Stockbridge GA 30281,6302222,,0,,,2019-08-24 16:29:49,
51,HASD105,jNSCncRT,hasan75@gmail.com,HASAN,DEMİR,5052595016,Türkiye Büyük Millet Meclisi,7726 Pearl StreetWadsworth OH 44281,7152790,,0,,,2019-07-22 15:27:52,
52,KAMİLKAYA93,sStaRfop,kami̇l85@outlook.com,KAMİL,KAYAYURT,5175952440,Sayıştay,34 Oklahoma StreetMissoula MT 59801,9285721,,0,,,2019-07-14 16:31:34,
53,NEBİ134,CPxKhcvk,nebi̇97@outlook.com,NEBİ,SÜRÜM,5009059861,Ulaştırma Bakanlığı,103 E. Elmwood Ave.Stockbridge GA 30281,6302222,,0,,,2019-06-18 15:35:19,
54,ÖZCAN85,fNgVCukf,özcan87@hotmail.com,ÖZCAN,YAVAŞİ,5236640450,Sağlık Bakanlığı,87 San Juan St.Pottstown PA 19464,7815152,,0,,,2019-06-03 02:01:08,
55,NAGİHANTURG35,wwDCmRNg,nagi̇han96@outlook.com,NAGİHAN,TURGUT,5250340786,Emniyet Genel Müdürlüğü,452 E. Paris Hill Ave.Jenison MI 49428,2736297,,0,,,2019-10-22 19:33:21,
56,CERENŞEN TANRIKU91,tErFVaMR,ceren60@outlook.com,CEREN,ŞEN TANRIKULU,5341710018,Milli Eğitim Bakanlığı,7776 Morris LaneMenasha WI 54952,2486144,,0,,,2019-02-08 15:56:01,
57,SERBARB46,hYduqjVu,serkan81@outlook.com,SERKAN,BARBAROS,5459243153,İçişleri Bakanlığı,385 Military St.Adrian MI 49221,7040199,,0,,,2019-07-07 18:14:43,
58,HASA135,lHlYEAJZ,hasan81@gmail.com,HASAN,ALDİNÇ,5562261626,TAPDK,8676 Fairfield LaneIrmo SC 29063,4684854,,0,,,2019-07-19 00:17:12,
59,YUSUTEKİN75,aJTMMcxX,yusuf_kenan64@outlook.com,YUSUF KENAN,TEKİN,5490568207,"Bilim, Sanayi ve Teknoloji Bakanlığı",9853 Mulberry DriveGoshen IN 46526,7888186,,0,,,2020-03-09 20:07:46,
60,ÇETİN3,ENifCnvw,çeti̇n82@outlook.com,ÇETİN,GÜLŞAN,5080170037,Emniyet Genel Müdürlüğü,452 E. Paris Hill Ave.Jenison MI 49428,2736297,,0,,,2019-04-03 04:11:00,
61,TARKAKÜFECİLE81,EoVjSqaV,tarkan98@gmail.com,TARKAN,KÜFECİLER,5204926151,TAPDK,8676 Fairfield LaneIrmo SC 29063,4684854,,0,,,2019-07-18 03:00:10,
62,MERALMACIOĞLU121,aWBmwsno,meral_leman72@hotmail.com,MERAL LEMAN,ALMACIOĞLU,5335632996,Türkiye Cumhuriyeti Cumhurbaşkanlığı,8199 Fulton St.Deerfield IL 60015,8532038,,0,,,2020-03-07 05:03:08,
63,ERGÜÇİLD78,nZcuwWli,ergün79@hotmail.com,ERGÜN,ÇİLDİR,5262115765,Merkezi Finans ve İhale Birimi,7087 Blackburn StreetNottingham MD 21236,9089744,,0,,,2019-04-19 17:08:19,
64,KENTÜRKDOĞAN31,hCTMQLWL,kenan_ahmet66@hotmail.com,KENAN AHMET,TÜRKDOĞAN,5595424871,Adalet Bakanlığı,7314 East Beacon St.New City NY 10956,9625554,,0,,,2019-11-27 15:02:54,
65,URALKAY80,PAPhVoZW,ural83@hotmail.com,URAL,KAYA,5464477660,Özelleştirme İdaresi Başkanlığı,7304 Devon St.Marysville OH 43040,1823229,,0,,,2020-02-17 02:09:59,
66,YAH92,nQLwDjOd,yahya87@hotmail.com,YAHYA,ÖNER,5282045769,Türkiye Cumhuriyeti Cumhurbaşkanlığı,8199 Fulton St.Deerfield IL 60015,8532038,,0,,,2019-10-06 13:41:30,
67,BENGŞ31,rdnTRlZd,bengü93@outlook.com,BENGÜ,ŞELİMAN,5262471813,Özelleştirme İdaresi Başkanlığı,7304 Devon St.Marysville OH 43040,1823229,,0,,,2019-12-31 15:04:02,
68,FATYAMAN24,YiqOkeYa,fati̇h_nazmi̇68@hotmail.com,FATİH NAZMİ,YAMAN,5407411222,Ulaştırma Bakanlığı,103 E. Elmwood Ave.Stockbridge GA 30281,6302222,,0,,,2019-02-10 05:01:52,
69,DİLEATİ92,TALjxCjy,di̇lek86@hotmail.com,DİLEK,ATİK,5155789028,Adalet Bakanlığı,7314 East Beacon St.New City NY 10956,9625554,,0,,,2019-05-06 17:54:52,
70,MEHYİ13,nVbjvSJE,mehmet75@gmail.com,MEHMET,YİĞİT,5499559439,Türkiye Büyük Millet Meclisi,7726 Pearl StreetWadsworth OH 44281,7152790,,0,,,2020-01-22 06:49:02,
71,TUFAN37,NGwPctQE,tufan_akin97@outlook.com,TUFAN AKIN,GİRAY,5278845684,Türkiye Cumhuriyeti Cumhurbaşkanlığı,8199 Fulton St.Deerfield IL 60015,8532038,,0,,,2019-08-07 04:17:57,
72,MEHMET145,GyCYoGwj,mehmet63@gmail.com,MEHMET,YALÇINKAYA,5330556300,Başbakanlık,2 College StreetHonolulu HI 96815,7259806,,0,,,2019-08-06 22:03:53,
73,TURGAKILI129,JbzHXHTl,turgay_yilmaz68@outlook.com,TURGAY YILMAZ,KILIÇ,5090286724,Adalet Bakanlığı,7314 East Beacon St.New City NY 10956,9625554,,0,,,2019-05-21 21:02:43,
74,GÜLDEHEN76,RtsaRghT,güldehen97@hotmail.com,GÜLDEHEN,ŞENTÜRK,5347749006,Milli Savunma Bakanlığı,798 San Pablo Ave.Massapequa Park NY 11762,8405807,,0,,,2019-06-28 04:41:19,
75,GÖKKARAB148,JWCctoGw,gökmen96@gmail.com,GÖKMEN,KARABAĞ,5110132934,İçişleri Bakanlığı,385 Military St.Adrian MI 49221,7040199,,0,,,2019-04-28 08:53:26,
76,BÜLDEĞ94,zyMlIkFv,bülent93@hotmail.com,BÜLENT,DEĞİRMENCİ,5461702773,Dışişleri Bakanlığı,391 Pendergast RoadFond Du Lac WI 54935,8515797,,0,,,2019-06-17 00:53:33,
77,EROLBODUROĞL67,qrTiGfUd,erol73@gmail.com,EROL,BODUROĞLU,5457362089,Maliye Bakanlığı,453 1st St.New Windsor NY 12553,8561403,,0,,,2019-12-14 07:40:35,
78,BAHRİYIL108,GLhKtHKz,bahri̇70@hotmail.com,BAHRİ,YILDIZ,5204193566,Milli Eğitim Bakanlığı,7776 Morris LaneMenasha WI 54952,2486144,,0,,,2019-02-19 08:13:13,
79,ÖZENGÜLE78,yTHSDXpC,özen_özlem86@gmail.com,ÖZEN ÖZLEM,GÜLER,5205233677,Çevre ve Şehircilik Bakanlığı,27 Westminster DriveFramingham MA 01701,9666704,,0,,,2019-11-06 19:23:53,
80,SELERASLA32,fAgZGUCu,selma71@hotmail.com,SELMA,ERASLAN,5320711931,Sağlık Bakanlığı,87 San Juan St.Pottstown PA 19464,7815152,,0,,,2019-11-11 00:41:13,
81,TUĞSEÜZ7,HogOgDRP,tuğsem79@gmail.com,TUĞSEM,ÜZER,5276849731,Ulaştırma Bakanlığı,103 E. Elmwood Ave.Stockbridge GA 30281,6302222,,0,,,2019-09-30 09:37:58,
82,TESLİMPİŞİ136,pxawKeRY,tesli̇me_nazli60@outlook.com,TESLİME NAZLI,PİŞİRGEN,5301788480,"Gıda, Tarım ve Hayvancılık Bakanlığı",8888 Glenwood St.Whitehall PA 18052,3099366,,0,,,2019-01-29 09:34:58,
83,GÜLÇİNADAN3,eLsgkbTo,gülçi̇n64@outlook.com,GÜLÇİN,ADANIR,5444675623,Çalışma ve Sosyal Güvenlik Bakanlığı,975 Devon St.Hopewell Junction NY 12533,1245961,,0,,,2019-01-20 20:56:07,
84,İSMAİL21,SwTGadIi,i̇smai̇l67@hotmail.com,İSMAİL,KOÇ,5355992623,"Bilim, Sanayi ve Teknoloji Bakanlığı",9853 Mulberry DriveGoshen IN 46526,7888186,,0,,,2019-03-28 16:19:46,
85,MURAT142,faLbduJa,murat84@outlook.com,MURAT,KORKMAZ,5037868509,Enerji ve Tabii Kaynaklar Bakanlığı,36 Academy Rd.Traverse City MI 49684,3957440,,0,,,2019-03-26 12:31:06,
86,EBRYENİD133,owAGmhYD,ebru73@hotmail.com,EBRU,YENİDOĞAN,5086043859,Kültür ve Turizm Bakanlığı,586 Fremont LaneMadison AL 35758,8003695,,0,,,2020-04-20 01:56:36,
87,TÜMA141,aXyNVaDR,tümay97@outlook.com,TÜMAY,AYDOĞAN,5298232702,Aile ve Sosyal Politikalar Bakanlığı,334 West Park St.East Meadow NY 11554,2335150,,0,,,2019-08-28 19:40:10,
88,AHMEACARBU31,RJxddzJF,ahmet63@outlook.com,AHMET,ACARBULUT,5555927378,Ekonomi Bakanlığı,400 Ann DriveEast Stroudsburg PA 18301,2491956,,0,,,2019-04-09 14:59:50,
89,EBRE89,MnAviKZt,ebru92@hotmail.com,EBRU,ERGE,5471160950,Gümrük ve Ticaret Bakanlığı,542 Circle LaneOrlando FL 32806,5352181,,0,,,2019-06-22 07:07:06,
90,HÜS68,RPZJxIIl,hüseyi̇n_yavuz61@outlook.com,HÜSEYİN YAVUZ,ERDOĞAN,5336091196,Kalkınma Bakanlığı,7669 North Alderwood StreetNew Bedford MA 02740,8739303,,0,,,2019-02-23 15:28:32,
91,BAŞAÖĞÜT2,FtgWyePQ,başak61@gmail.com,BAŞAK,ÖĞÜT AYDIN,5360753347,Orman ve Su İşleri Bakanlığı,196 10th DriveIndependence KY 41051,7087376,,0,,,2020-02-07 02:23:46,
92,AYŞEGKUŞ135,aInFrxHF,ayşegül76@gmail.com,AYŞEGÜL,KUŞKU,5002369362,Hazine Müsteşarlığı,9613 53rd CourtConway SC 29526,5157047,,0,,,2020-04-07 09:11:09,
93,EVRİKUCUR TÜLÜBA144,MCBIMWkE,evri̇m95@hotmail.com,EVRİM,KUCUR TÜLÜBAŞ,5450815702,Yargıtay,9013 Manor Station St.Bensalem PA 19020,2906189,,0,,,2019-01-02 19:18:10,
94,YASEPEKTA82,ErCneKgu,yaser76@hotmail.com,YASER,PEKTAŞ,5559285551,Sayıştay,34 Oklahoma StreetMissoula MT 59801,9285721,,0,,,2019-11-19 06:38:11,
95,ÜLKÜKAYACA82,rBKOsQso,ülkü88@outlook.com,ÜLKÜ,KAYACAN,5041472840,Danıştay,803 Kirkland Ave.Teaneck NJ 07666,3771126,,0,,,2019-11-17 21:13:45,
96,ÖZHA93,RJxrIILs,özhan85@gmail.com,ÖZHAN,GÜLEN,5200089376,Radyo Televizyon Üst Kurulu,13 East Vine Ave.Mc Lean VA 22101,7449747,,0,,,2019-05-11 01:24:59,
97,UFUKD113,yKMqvvmk,ufuk88@outlook.com,UFUK,DOĞAN,5331392630,Merkez Bankası,9359 El Dorado LaneAugusta GA 30906,8489362,,0,,,2020-03-10 09:18:26,
98,AKSAYDIN82,AHITvUQa,aksel76@gmail.com,AKSEL,AYDIN BADILLIOĞLU,5279546360,Rekabet Kurumu,83 Westport St.Coachella CA 92236,6260896,,0,,,2019-09-18 03:12:11,
99,FULY130,IoFaUdFw,fulya88@hotmail.com,FULYA,GÜLEN AKKÜÇÜK,5498521848,Sermaye Piyasası Kurulu,866 Pulaski St.Arlington Heights IL 60004,9920764,,0,,,2019-09-01 09:04:41,
100,BURCUCANDA80,AaLPScWr,burcu75@outlook.com,BURCU,CANDAN,5254525878,Bankacılık Düzenleme ve Denetleme Kurumu,694 Ketch Harbour Ave.Milwaukee WI 53204,5687388,,0,,,2019-08-20 19:40:13,
101,TAYT143,JFfoSqSP,taylan65@gmail.com,TAYLAN,TEMEL,5316068578,Devlet İstatistik Enstitüsü,8895 Gonzales StreetLittle Falls NJ 07424,2548568,,0,,,2020-02-24 05:37:12,
102,YILMAZYE50,cpQNKlIW,yilmaz86@gmail.com,YILMAZ,YENİGÜN,5270793987,Emniyet Genel Müdürlüğü,452 E. Paris Hill Ave.Jenison MI 49428,2736297,,0,,,2019-02-06 08:06:45,
103,ZEYNEPYILDIRI95,CSbRXIbN,zeynep96@hotmail.com,ZEYNEP,YILDIRIM,5283915388,Merkezi Finans ve İhale Birimi,7087 Blackburn StreetNottingham MD 21236,9089744,,0,,,2019-01-19 22:44:20,
104,BAYBEDER49,fWkZXEYM,bayram82@hotmail.com,BAYRAM,BEDER,5219409668,Devlet Arşivleri Genel Müdürlüğü,136B East Middle River St.West Bend WI 53095,5117835,,0,,,2019-11-17 00:00:59,
105,GÜLAAKINCI103,uAZYfzUm,gülay70@hotmail.com,GÜLAY,AKINCI,5214272762,Anayasa Mahkemesi Başkanlığı,464 N. Roehampton Rd.Waterloo IA 50701,2852225,,0,,,2019-09-06 09:35:05,
106,RABÖZDE94,OBhmkTFf,rabi̇a73@hotmail.com,RABİA,ÖZDEMİR,5413608070,YÖK Başkanlığı,194 Summer DriveStow OH 44224,9592016,,0,,,2020-02-27 09:24:35,
107,SEVDON83,YChtwveH,sevda95@gmail.com,SEVDA,ONUK,5455337912,Savunma Sanayi Müsteşarlığı,1 North Old York StreetHopkins MN 55343,6719183,,0,,,2020-01-25 21:40:23,
108,SER150,tlbsPFwj,serhat63@hotmail.com,SERHAT,AYDOĞAN,5153205514,Özelleştirme İdaresi Başkanlığı,7304 Devon St.Marysville OH 43040,1823229,,0,,,2019-11-19 13:49:26,
109,ENGİNYI50,xblDQzyf,engi̇n91@outlook.com,ENGİN,YILMAZ,5206322027,TAPDK,8676 Fairfield LaneIrmo SC 29063,4684854,,0,,,2020-04-29 23:53:22,
110,ASLIAKCAN ATASOY76,fDkBqXTG,asli77@outlook.com,ASLI,AKCAN ATASOY,5287889959,Türk Akreditasyon Kurumu,256 Iroquois St.Land O Lakes FL 34639,1590767,,0,,,2020-01-24 05:41:53,
111,TUBASARAÇOĞLU ÇEK37,LJohqvKV,tuba97@hotmail.com,TUBA,SARAÇOĞLU ÇEKİÇ,5307756945,Bilgi Teknolojileri ve İletişim Kurumu,8382 Maple Dr.Newnan GA 30263,2065082,,0,,,2019-05-06 10:09:07,
112,BARIŞCÖMERT10,IVJfMqvR,bariş72@gmail.com,BARIŞ,CÖMERT,5157831672,Enerji Piyasası Düzenleme Kurumu,9180 East Jackson Ave.Omaha NE 68107,5045759,,0,,,2019-05-04 18:32:15,
113,SEVGT81,KUCTZWbi,sevgi̇68@hotmail.com,SEVGİ,TOPAL,5120362325,Türkiye Muhasebe Standartları Kurulu,77 Shipley StreetApple Valley CA 92307,7416791,,0,,,2019-01-29 10:55:32,
114,KALENKARAH20,xmtbqWpp,kalender70@hotmail.com,KALENDER,KARAHAN,5256590947,Devlet Personel Başkanlığı,8630 Lincoln St.Kearny NJ 07032,1855234,,0,,,2019-02-21 23:47:33,
115,HALİŞAH3,GwtKUfjP,hali̇l83@gmail.com,HALİL,ŞAHİN,5349433093,İnsan Hakları Başkanlığı,864 Cypress Dr.Stratford CT 06614,5089917,,0,,,2019-02-25 02:52:03,
116,BİLG21,NuGppjKy,bi̇lge68@hotmail.com,BİLGE,ÇETİN,5488189302,Türkiye Atom Enerji Kurumu,7602 Birchwood LaneBuffalo Grove IL 60089,7745648,,0,,,2020-02-21 07:19:12,
117,FERDYILMA57,sgQIJUEu,ferda67@hotmail.com,FERDA,YILMAZ İNAL,5231647363,TÜBİTAK,48 Washington StreetBrownsburg IN 46112,7343136,,0,,,2020-03-02 16:45:49,
118,EZGİAYTA95,pjleCSpf,ezgi̇63@hotmail.com,EZGİ,AYTAÇ,5180862901,Şeker Kurumu,7863 Homewood Rd.Naugatuck CT 06770,6541562,,0,,,2020-04-16 05:28:58,
119,AYSYILD33,OdyJaQTx,aysun98@gmail.com,AYSUN,YILDIZ ALTUN,5271388790,Tasarruf Mevduatı Sigorta Fonu Başkanlığı,50 Saxon St.Janesville WI 53546,9595912,,0,,,2019-11-25 10:10:52,
